<?xml version='1.0' encoding='utf-8'?>
<!DOCTYPE hibernate-configuration PUBLIC
        "-//Hibernate/Hibernate Configuration DTD//EN"
        "http://www.hibernate.org/dtd/hibernate-configuration-3.0.dtd">
<hibernate-configuration>
    <session-factory>
        <property name="connection.url">jdbc:mysql://localhost:3306/ostap_koziaryk_itunes_full</property>
        <property name="connection.driver_class">com.mysql.cj.jdbc.Driver</property>
        <property name="connection.username">mirrox322</property>
        <property name="connection.password">528193746</property>
        <mapping class="ua.lviv.iot.model.Album"/>
        <mapping class="ua.lviv.iot.model.Artist"/>
        <mapping class="ua.lviv.iot.model.Customer"/>
        <mapping class="ua.lviv.iot.model.Genre"/>
        <mapping class="ua.lviv.iot.model.MusicVideo"/>
        <mapping class="ua.lviv.iot.model.Song"/>
        <mapping class="ua.lviv.iot.model.RecordLabel"/>
        <!-- DB schema will be updated if needed -->
        <!-- <property name="hibernate.hbm2ddl.auto">update</property> -->
    </session-factory>
</hibernate-configuration>